EJHGBAPGFHG,decoratorId
DGOJPEGIFOC,crowdLOD0List
NECBIIDHGOA,nextRandomTalks
PBJHILLACIA,showRandomTalkCount
ICLLDPJFIMA,collectionId
JBDINKMHGIP,collectionId
CEBBBNJIPPM,initServerGlobalValues
HPECGIGEJKG,skinId
POLBJDFCJMD,characterId
PCIMGPIJLCO,quality
GBLGBFKHCKK,activityTokens
EOPFOMBPHBN,daysForReward
FGGLHKGIBAC,notificationGroupId
EJNMMCDEOED,rewardGroup
OLFHCINCACP,floor
INOFLAABAEF,threeStarReward
NOOPFMGDIIH,sixStarReward
MHCCKJKPINO,nineStarReward
CGEFOADHPLF,chamberRewards
OCHLHGCLDON,numberOfChests
OCHLHGCLDON,numberOfEchoShells
OPFDPJMNEBJ,shellCount
HFGAPAPLOLC,echoShellType
DNCOFBJDOMO,reminderList
PNPABGIIJAN,dungeonEntryRecommendTips
KLBLCHOPEDJ,interceptReviveAfterSettle
MPCPJKAPGLF,isSkipLoading
BDMFIMGPAED,dungeonEntryPoint
EODMLMGMLNP,forceByCaster
OFLAPMGKHHE,enterPredicates
JLLNCKPFKLD,exitPredicates
MCFCEOACJEB,exitActions
AMJKBHJBBGN,onReconnect
OGADOPDNBMM,setTarget
MPGPCCEHFGL,excludeForces
HMLKELJFCKD,onShieldSuccess
FFOEHJLIDFC,onShieldFailed
MMFHENHCBGB,attachPointTargetType
FLCNICMDANB,partNames
ACDFJMCPFGH,visible
DGICDMAKHOJ,forwardAngle
JLCCGHLNHOI,minRange
GLALMCMAFJF,maxRange
OFIGOLJOGPJ,hitEntity
MHCHJLOELPF,hitScene
MCNFNFLLGIH,defaultEffect
IPDEDFHPHPO,innerRadius
NGOKEFIDFCJ,useMutiPlayerFixData
HJAIAEACKHM,updateShieldByMaxHp
LBGGIBBMCMF,gadgetInfo
NJEOPILMKCN,lifeByOwnerIsAlive
ENJEPFDLDDF,trackTarget
AKMLOIFOBPO,sortType
CEBMHIFOHJM,byServer
OKFKMBDCDHO,defendTriggerID
GOLCBAPOOLF,onDefendSucceded
COCENMAFJGD,hide
NHFJDDBKNCM,onThinkIntervalIsFixedUpdate
AFLAEMMPLPN,campBasedOn
LCJAOCJNEJJ,defendTimeInterval
HFCIHIJGLMA,defendCountInterval
OKEAOJGNCNJ,defendProbability
CLALNDAGFGJ,defendProbabilityDelta
FLNFDMFPBCD,randomDirection
DEHPOLDCMNJ,defendAngle
DOFIPDFDFPK,defendAudioConfig
EAEELLPBGHO,alwaysRecover
IOIAHLPJDMH,randomAngleVer
INCAGGBCJNF,maxAngle
CNECKEJLJOE,equipParts
FACHGOPKJKE,randomInRange
EPBOKNDHCPD,equipPart
IHHIKIACOML,maxAngleType
DDLOLBGNLEF,isElementDurabilityMutable
PGGBJIDIINM,killSelfType
EKINLACJBGF,banHPPercentageDrop
BEKKIHBPHGD,banDrop
EOIGEKNINFE,banExp
CFIPAGENGPE,canBeHandledOnRecover
OGNLPEPBDOK,actionList
JAHJDDCOKFF,colorList
MHDIAIHCHBM,robotId
GOMBBEINOBC,shapeList
CLLHHDACNCE,furnitureId
MKHEFDIAANE,animatorId
OGODDEMOFPC,playInterval
MEINILCAJPC,showAtTop
ACCAHAFMIBL,actionVec
KMHOEHCFKND,isAutoTakeReward
GIIEEICFJPK,levelTagName
CDNEBECBJHG,addSceneTagIdList
JICCMKCHNND,removeSceneTagIdList
MKAKOIFKCJP,levelTagCanFixTime
PKDONLDODPE,levelTagFixedEnviroTime
INDKJOLAMCL,loadDynamicGroupList
FDGGLFOGLHO,levelTagIdList
KNNOHFPCKPC,levelTagGroupList
MNEBOFKBMCJ,initialLevelTagIdList
INCAMOJDMID,changeCd
AFDBBNDNAPA,LevelTagId
BAFMFCJCCEH,MapAreaId
IOFEHFBDMDA,seriesIdList
